{
  "iterations": 18739,
  "params": {
    "enabled": true,
    "T": 5,
    "pi1": [
      0,
      0
    ],
    "V1": [
      [
        1,
        0
      ],
      [
        0,
        1
      ]
    ],
    "A": [
      [
        1,
        0
      ],
      [
        0,
        1
      ]
    ],
    "Q": [
      [
        1,
        0
      ],
      [
        0,
        1
      ]
    ],
    "C": [
      [
        1,
        0
      ],
      [
        0,
        1
      ]
    ],
    "R": [
      [
        1,
        0
      ],
      [
        0,
        1
      ]
    ]
  },
  "estimations": {
    "pi1": [
      -0.7304100969621012,
      -0.6716604062267357
    ],
    "V1": [
      [
        121617.43253685736,
        113879.64164569587
      ],
      [
        113879.64166098932,
        106634.16019050918
      ]
    ],
    "A": [
      [
        3.6548942125381733e-53,
        2.07613144232834e-53
      ],
      [
        -3.917457854193465e-52,
        2.339901247312905e-52
      ]
    ],
    "Q": [
      [
        2.8865024368722743e+50,
        -4.3173812397468754e+50
      ],
      [
        4.9735360943930964e+50,
        2.236934257471433e+50
      ]
    ],
    "C": [
      [
        3.0063626256966316e-53,
        -4.777973245504375e-52
      ],
      [
        2.1945670918529692e-52,
        -1.4321082327878304e-52
      ]
    ],
    "R": [
      [
        2.312611125092259,
        2.352834678374769
      ],
      [
        2.352834678374769,
        3.1096382674549647
      ]
    ],
    "x": [
      [
        -0.7304100969621012,
        -0.6716604062267357
      ],
      [
        0.3643718070070841,
        -0.42570710686566765
      ],
      [
        -0.11278734192814384,
        0.11875689417869789
      ],
      [
        -0.08050643322425532,
        -0.07254684679580453
      ],
      [
        -0.05477136200954025,
        -0.1449515332130813
      ]
    ]
  },
  "losses": {
    "pi1": 0.9922835335915082,
    "V1": 228250.59272955725,
    "A": 1.4142135623730951,
    "Q": 7.530711337043005e+50,
    "C": 1.4142135623730951,
    "R": 4.152732068500465,
    "x": 2.6682641284969235
  }
}
