{
  "iterations": 50012,
  "params": {
    "enabled": true,
    "T": 100,
    "pi1": [
      0
    ],
    "V1": [
      [
        1
      ]
    ],
    "A": [
      [
        1
      ]
    ],
    "Q": [
      [
        2
      ]
    ],
    "C": [
      [
        1
      ],
      [
        2
      ]
    ],
    "R": [
      [
        2,
        0
      ],
      [
        0,
        2
      ]
    ]
  },
  "estimations": {
    "pi1": [
      1.1589108267785162
    ],
    "V1": [
      [
        5.50794408327171e-06
      ]
    ],
    "A": [
      [
        1.0057273611478845
      ]
    ],
    "Q": [
      [
        1.20098894422606
      ]
    ],
    "C": [
      [
        0.9826976825506678
      ],
      [
        2.09853536215183
      ]
    ],
    "R": [
      [
        1.9285794626903499,
        -0.25435949578263717
      ],
      [
        -0.25435949578263717,
        2.064556403464703
      ]
    ],
    "x": [
      [
        1.1589108267785162
      ],
      [
        2.5046689382830314
      ],
      [
        4.3360866370887345
      ],
      [
        4.827172261438938
      ],
      [
        4.448188461556802
      ],
      [
        4.6371540755458405
      ],
      [
        3.990573116368384
      ],
      [
        2.9104338318251584
      ],
      [
        2.4039878703955098
      ],
      [
        2.7535730665281397
      ],
      [
        2.575617564397793
      ],
      [
        0.9130734410214737
      ],
      [
        0.38125148448349044
      ],
      [
        1.3778987331293617
      ],
      [
        0.7019474412042402
      ],
      [
        0.7377279760735722
      ],
      [
        0.5521957450847887
      ],
      [
        0.6370193336025376
      ],
      [
        1.4100340080921931
      ],
      [
        1.5417609659389073
      ],
      [
        0.2835983436976108
      ],
      [
        -0.05619518808655771
      ],
      [
        -0.5838650650920483
      ],
      [
        -1.1771572653430458
      ],
      [
        -2.289511670328619
      ],
      [
        -1.2870167460790665
      ],
      [
        -1.2645819750604994
      ],
      [
        -0.43951834631812403
      ],
      [
        -0.9035523097431378
      ],
      [
        -0.8685345698186515
      ],
      [
        -1.016713051346967
      ],
      [
        -1.7401030053609368
      ],
      [
        -1.0925003585611242
      ],
      [
        -1.663304126737556
      ],
      [
        -1.6905661378799666
      ],
      [
        -0.7795190220211247
      ],
      [
        -1.262262667672142
      ],
      [
        -0.03090241141251107
      ],
      [
        -0.8945941180887854
      ],
      [
        -1.6042739440808276
      ],
      [
        -1.421128125265652
      ],
      [
        -2.444549024215201
      ],
      [
        -4.643051562418775
      ],
      [
        -5.836256423721182
      ],
      [
        -6.6535942252255955
      ],
      [
        -5.265740066396235
      ],
      [
        -3.965333412744035
      ],
      [
        -2.6156626256941644
      ],
      [
        -2.262217750683297
      ],
      [
        -2.9181328924836354
      ],
      [
        -3.0932893101327203
      ],
      [
        -2.604642197353731
      ],
      [
        -0.7282653243102489
      ],
      [
        0.8440739253673764
      ],
      [
        2.4191020427556524
      ],
      [
        3.466235513544858
      ],
      [
        2.1382827069133903
      ],
      [
        1.8484817742326254
      ],
      [
        2.474229156302181
      ],
      [
        4.494157909176996
      ],
      [
        4.211184734596849
      ],
      [
        5.298807259642587
      ],
      [
        5.254327775939343
      ],
      [
        4.370169591960902
      ],
      [
        4.080953035440115
      ],
      [
        4.488494848776166
      ],
      [
        4.808847079152494
      ],
      [
        5.796897758051751
      ],
      [
        4.481118836190565
      ],
      [
        6.091866713748795
      ],
      [
        6.033677417717484
      ],
      [
        6.040656457324494
      ],
      [
        4.968296345598036
      ],
      [
        4.981326870263387
      ],
      [
        5.472957745042032
      ],
      [
        6.625223745685088
      ],
      [
        6.522013388086971
      ],
      [
        6.917707757917409
      ],
      [
        8.717310768106067
      ],
      [
        9.83176028727711
      ],
      [
        9.383940944640084
      ],
      [
        9.650415138304778
      ],
      [
        10.15857027072885
      ],
      [
        10.48527409196961
      ],
      [
        12.073064329015834
      ],
      [
        12.279650079513301
      ],
      [
        12.39801200993373
      ],
      [
        11.659661349182526
      ],
      [
        12.37174967840951
      ],
      [
        11.128814250512741
      ],
      [
        12.328545787383588
      ],
      [
        12.444935314922155
      ],
      [
        12.634953501888996
      ],
      [
        12.914901228336301
      ],
      [
        14.236820403271937
      ],
      [
        12.3886027578528
      ],
      [
        11.922154315810127
      ],
      [
        11.841204138050177
      ],
      [
        12.236040443801421
      ],
      [
        12.799725002782335
      ]
    ]
  },
  "losses": {
    "pi1": 1.1589108267785162,
    "V1": 0.9999944920559167,
    "A": 0.005727361147884524,
    "Q": 0.79901105577394,
    "C": 0.10004292970275179,
    "R": 0.3723787434420653,
    "x": 5.897742487579973
  },
  "log_likelihood": -355.06455311949145
}
