{
  "iterations": 50012,
  "params": {
    "enabled": true,
    "T": 100,
    "pi1": [
      0
    ],
    "V1": [
      [
        1
      ]
    ],
    "A": [
      [
        1
      ]
    ],
    "Q": [
      [
        2
      ]
    ],
    "C": [
      [
        1
      ],
      [
        2
      ]
    ],
    "R": [
      [
        2,
        0
      ],
      [
        0,
        2
      ]
    ]
  },
  "estimations": {
    "pi1": [
      1.1589108267785238
    ],
    "V1": [
      [
        5.50794408327171e-06
      ]
    ],
    "A": [
      [
        1.0057273611478845
      ]
    ],
    "Q": [
      [
        1.200988944226069
      ]
    ],
    "C": [
      [
        0.9826976825506615
      ],
      [
        2.0985353621518166
      ]
    ],
    "R": [
      [
        1.928579462690359,
        -0.2543594957826008
      ],
      [
        -0.25435949578261896,
        2.0645564034647395
      ]
    ],
    "x": [
      [
        1.1589108267785238
      ],
      [
        2.5046689382830447
      ],
      [
        4.336086637088764
      ],
      [
        4.827172261438972
      ],
      [
        4.44818846155683
      ],
      [
        4.637154075545876
      ],
      [
        3.990573116368415
      ],
      [
        2.910433831825172
      ],
      [
        2.403987870395519
      ],
      [
        2.7535730665281584
      ],
      [
        2.575617564397809
      ],
      [
        0.9130734410214709
      ],
      [
        0.381251484483489
      ],
      [
        1.3778987331293742
      ],
      [
        0.7019474412042422
      ],
      [
        0.7377279760735799
      ],
      [
        0.5521957450847959
      ],
      [
        0.6370193336025417
      ],
      [
        1.410034008092202
      ],
      [
        1.5417609659389218
      ],
      [
        0.28359834369760883
      ],
      [
        -0.056195188086558545
      ],
      [
        -0.5838650650920534
      ],
      [
        -1.1771572653430529
      ],
      [
        -2.289511670328647
      ],
      [
        -1.2870167460790731
      ],
      [
        -1.2645819750605054
      ],
      [
        -0.43951834631812514
      ],
      [
        -0.9035523097431423
      ],
      [
        -0.8685345698186543
      ],
      [
        -1.0167130513469744
      ],
      [
        -1.7401030053609525
      ],
      [
        -1.0925003585611275
      ],
      [
        -1.663304126737565
      ],
      [
        -1.6905661378799786
      ],
      [
        -0.7795190220211291
      ],
      [
        -1.2622626676721562
      ],
      [
        -0.030902411412502384
      ],
      [
        -0.8945941180887911
      ],
      [
        -1.604273944080841
      ],
      [
        -1.421128125265652
      ],
      [
        -2.444549024215208
      ],
      [
        -4.643051562418804
      ],
      [
        -5.836256423721217
      ],
      [
        -6.653594225225644
      ],
      [
        -5.2657400663962655
      ],
      [
        -3.965333412744054
      ],
      [
        -2.6156626256941715
      ],
      [
        -2.2622177506833085
      ],
      [
        -2.9181328924836563
      ],
      [
        -3.0932893101327448
      ],
      [
        -2.6046421973537544
      ],
      [
        -0.7282653243102555
      ],
      [
        0.8440739253673852
      ],
      [
        2.419102042755674
      ],
      [
        3.466235513544889
      ],
      [
        2.138282706913401
      ],
      [
        1.848481774232632
      ],
      [
        2.47422915630219
      ],
      [
        4.4941579091770345
      ],
      [
        4.211184734596873
      ],
      [
        5.298807259642624
      ],
      [
        5.254327775939378
      ],
      [
        4.370169591960928
      ],
      [
        4.08095303544014
      ],
      [
        4.488494848776195
      ],
      [
        4.808847079152525
      ],
      [
        5.7968977580517915
      ],
      [
        4.481118836190586
      ],
      [
        6.091866713748839
      ],
      [
        6.03367741771752
      ],
      [
        6.040656457324534
      ],
      [
        4.96829634559806
      ],
      [
        4.981326870263407
      ],
      [
        5.472957745042064
      ],
      [
        6.62522374568513
      ],
      [
        6.522013388087005
      ],
      [
        6.917707757917443
      ],
      [
        8.717310768106117
      ],
      [
        9.831760287277177
      ],
      [
        9.38394094464014
      ],
      [
        9.650415138304837
      ],
      [
        10.158570270728916
      ],
      [
        10.485274091969671
      ],
      [
        12.073064329015908
      ],
      [
        12.279650079513372
      ],
      [
        12.398012009933804
      ],
      [
        11.659661349182599
      ],
      [
        12.371749678409595
      ],
      [
        11.128814250512802
      ],
      [
        12.328545787383671
      ],
      [
        12.444935314922231
      ],
      [
        12.634953501889072
      ],
      [
        12.914901228336378
      ],
      [
        14.23682040327204
      ],
      [
        12.388602757852873
      ],
      [
        11.922154315810198
      ],
      [
        11.84120413805025
      ],
      [
        12.236040443801498
      ],
      [
        12.799725002782415
      ]
    ]
  },
  "losses": {
    "pi1": 1.1589108267785238,
    "V1": 0.9999944920559167,
    "A": 0.005727361147884524,
    "Q": 0.799011055773931,
    "C": 0.10004292970273976,
    "R": 0.3723787434420326,
    "x": 5.8977424875798325
  },
  "log_likelihood": -355.064553119493
}
