{
  "iterations": 830,
  "params": {
    "enabled": true,
    "T": 100,
    "pi1": [
      0
    ],
    "V1": [
      [
        1
      ]
    ],
    "A": [
      [
        1
      ]
    ],
    "Q": [
      [
        2
      ]
    ],
    "C": [
      [
        1
      ],
      [
        2
      ]
    ],
    "R": [
      [
        2,
        0
      ],
      [
        0,
        2
      ]
    ]
  },
  "estimations": {
    "pi1": [
      1.3799031220262534
    ],
    "V1": [
      [
        1.9872251297847754e-06
      ]
    ],
    "A": [
      [
        0.9970173131650788
      ]
    ],
    "Q": [
      [
        3.3419487507342804
      ]
    ],
    "C": [
      [
        1.0251361131879004
      ],
      [
        2.0153114183463634
      ]
    ],
    "R": [
      [
        0.8967801898611859,
        -0.8125915463558471
      ],
      [
        -0.8125915463557695,
        0.7380545086823715
      ]
    ],
    "x": [
      [
        1.3799031220262534
      ],
      [
        -0.7259012628969149
      ],
      [
        -2.2735546178465786
      ],
      [
        -1.9285893447948699
      ],
      [
        -2.640551574414713
      ],
      [
        -5.129058229794333
      ],
      [
        -5.692715209083056
      ],
      [
        -6.088946127471503
      ],
      [
        -8.492209015556519
      ],
      [
        -7.179164987765352
      ],
      [
        -6.522378979803383
      ],
      [
        -4.279933867966762
      ],
      [
        -6.322722223993604
      ],
      [
        -5.283529520604767
      ],
      [
        -6.660388964732815
      ],
      [
        -4.186304820946429
      ],
      [
        -4.239093197414803
      ],
      [
        -1.2495778587638278
      ],
      [
        -5.242024315209271
      ],
      [
        -6.973589196869843
      ],
      [
        -5.500897271591489
      ],
      [
        -7.682155980153472
      ],
      [
        -5.922813851120557
      ],
      [
        -4.587817028096658
      ],
      [
        -6.406036742502429
      ],
      [
        -7.863673977864198
      ],
      [
        -8.8926860775905
      ],
      [
        -9.232471263166797
      ],
      [
        -7.841591497342893
      ],
      [
        -8.603224307852342
      ],
      [
        -11.340193730686046
      ],
      [
        -7.858644879330624
      ],
      [
        -7.927975815418588
      ],
      [
        -7.010486625802231
      ],
      [
        -5.288688373522326
      ],
      [
        -2.6058866922283332
      ],
      [
        -2.7271721652374574
      ],
      [
        -1.9028705811825302
      ],
      [
        -2.652254373727479
      ],
      [
        -3.637367849838998
      ],
      [
        -3.2858024623589164
      ],
      [
        -2.336960390053422
      ],
      [
        -4.876196331452265
      ],
      [
        -3.8621490907194964
      ],
      [
        -4.8448118074239055
      ],
      [
        -5.0440479079899045
      ],
      [
        -7.928770353011571
      ],
      [
        -6.537724966986767
      ],
      [
        -4.728863399862609
      ],
      [
        -3.1246035977096156
      ],
      [
        -4.289430083573854
      ],
      [
        -2.9034427183920735
      ],
      [
        -2.896871320250821
      ],
      [
        0.2547538961396412
      ],
      [
        -0.9977535444121087
      ],
      [
        0.06690640620198486
      ],
      [
        -2.159912151323964
      ],
      [
        -0.5956594209616368
      ],
      [
        -0.105534888877015
      ],
      [
        -0.15768010201480717
      ],
      [
        1.6293642613336567
      ],
      [
        1.2860635680649586
      ],
      [
        3.526431974072158
      ],
      [
        9.226857051983705
      ],
      [
        9.897185202544799
      ],
      [
        10.374156325651342
      ],
      [
        11.293764779189017
      ],
      [
        7.064978694072198
      ],
      [
        7.3864772872946345
      ],
      [
        5.392042270960111
      ],
      [
        4.473791916213356
      ],
      [
        4.685763675679034
      ],
      [
        0.3847845290047747
      ],
      [
        1.4107744999632432
      ],
      [
        2.3164087508929767
      ],
      [
        1.5286168391255606
      ],
      [
        4.084288474028553
      ],
      [
        7.214223511836767
      ],
      [
        4.071426330925845
      ],
      [
        3.251011911973852
      ],
      [
        -0.1902935475257296
      ],
      [
        -0.7470059600944254
      ],
      [
        1.4065667417071281
      ],
      [
        2.3613460386687737
      ],
      [
        3.5800112301778535
      ],
      [
        4.490376370791245
      ],
      [
        4.676193639457602
      ],
      [
        5.809968749265493
      ],
      [
        7.7682420783516575
      ],
      [
        9.335660146621258
      ],
      [
        8.724360706603308
      ],
      [
        10.23066035613151
      ],
      [
        12.187721187551816
      ],
      [
        11.91271235140677
      ],
      [
        13.841400619513333
      ],
      [
        14.021827662294248
      ],
      [
        14.32077762839318
      ],
      [
        16.79707159680852
      ],
      [
        18.205875290733236
      ],
      [
        17.51496421583316
      ]
    ]
  },
  "losses": {
    "pi1": 1.3799031220262534,
    "V1": 0.9999980127748702,
    "A": 0.0029826868349212,
    "Q": 1.3419487507342804,
    "C": 0.02943235834880202,
    "R": 2.032291911846686,
    "x": 5.549705134775776
  }
}
