{
  "iterations": 50012,
  "params": {
    "enabled": true,
    "T": 100,
    "pi1": [
      1
    ],
    "V1": [
      [
        1
      ]
    ],
    "A": [
      [
        1
      ]
    ],
    "Q": [
      [
        2
      ]
    ],
    "C": [
      [
        1
      ]
    ],
    "R": [
      [
        5
      ]
    ]
  },
  "estimations": {
    "pi1": [
      2.7379817133921898
    ],
    "V1": [
      [
        3.767934021770003e-05
      ]
    ],
    "A": [
      [
        1.010057231952713
      ]
    ],
    "Q": [
      [
        0.831589741100389
      ]
    ],
    "C": [
      [
        0.9723775661066865
      ]
    ],
    "R": [
      [
        6.098509225643229
      ]
    ],
    "x": [
      [
        2.7379817133921898
      ],
      [
        2.9591260238185217
      ],
      [
        2.7945075175112386
      ],
      [
        2.7823560919747217
      ],
      [
        2.3339463391582744
      ],
      [
        1.5451606821886221
      ],
      [
        0.697234702447928
      ],
      [
        0.061835123880338516
      ],
      [
        -0.5185445885773543
      ],
      [
        -1.187309738681008
      ],
      [
        -1.3545178304089651
      ],
      [
        -1.6619102763643152
      ],
      [
        -1.8093521120465068
      ],
      [
        -2.1653877954844187
      ],
      [
        -2.6395412796494635
      ],
      [
        -2.98497437789804
      ],
      [
        -3.7634397205189414
      ],
      [
        -4.217695342289458
      ],
      [
        -4.510589323915009
      ],
      [
        -4.5014417744175805
      ],
      [
        -4.575526244142597
      ],
      [
        -4.871918280641214
      ],
      [
        -5.268324277262458
      ],
      [
        -5.417984874681153
      ],
      [
        -5.776103475091456
      ],
      [
        -5.624405083009505
      ],
      [
        -5.408154532934929
      ],
      [
        -5.266640747076633
      ],
      [
        -5.467003205844644
      ],
      [
        -5.514911287275916
      ],
      [
        -5.855104216721833
      ],
      [
        -6.101229331371642
      ],
      [
        -5.782709103994172
      ],
      [
        -5.758928650362502
      ],
      [
        -5.909949819538016
      ],
      [
        -5.838265249026887
      ],
      [
        -6.242641747698585
      ],
      [
        -7.175896187092653
      ],
      [
        -8.052879086060896
      ],
      [
        -8.672756357142084
      ],
      [
        -8.63609913961939
      ],
      [
        -8.585688310829504
      ],
      [
        -8.532496372483921
      ],
      [
        -8.324480503490081
      ],
      [
        -8.348792501985422
      ],
      [
        -8.564351362621167
      ],
      [
        -9.150385343464054
      ],
      [
        -9.670912827655002
      ],
      [
        -9.786223404652572
      ],
      [
        -10.072242783412394
      ],
      [
        -10.420970089277544
      ],
      [
        -10.559579370068814
      ],
      [
        -10.330131174925935
      ],
      [
        -10.027471047396693
      ],
      [
        -9.8957427667645
      ],
      [
        -9.892834993501594
      ],
      [
        -9.676230676433232
      ],
      [
        -9.96027058645649
      ],
      [
        -10.110996208907258
      ],
      [
        -9.709655990376861
      ],
      [
        -9.480908268927186
      ],
      [
        -9.054729318702122
      ],
      [
        -8.492546446184752
      ],
      [
        -8.885957752864643
      ],
      [
        -9.292126891316412
      ],
      [
        -9.799881148147563
      ],
      [
        -10.354120674547563
      ],
      [
        -10.947323802343002
      ],
      [
        -11.800525063756321
      ],
      [
        -12.327813361798523
      ],
      [
        -12.480810482294974
      ],
      [
        -13.066281747622178
      ],
      [
        -13.531098513534925
      ],
      [
        -14.158181911337737
      ],
      [
        -14.180910966685868
      ],
      [
        -14.173861528537637
      ],
      [
        -14.197155717536184
      ],
      [
        -14.094004273107409
      ],
      [
        -13.627776729405802
      ],
      [
        -13.43406390912014
      ],
      [
        -13.320591824050048
      ],
      [
        -13.13023282271502
      ],
      [
        -12.581824354573845
      ],
      [
        -12.14622171277351
      ],
      [
        -12.356000555740618
      ],
      [
        -12.414381561497052
      ],
      [
        -12.145465572530128
      ],
      [
        -11.840194216458835
      ],
      [
        -11.65360407922323
      ],
      [
        -11.748128322526842
      ],
      [
        -12.458510500583689
      ],
      [
        -12.941583907762345
      ],
      [
        -13.453478791322224
      ],
      [
        -14.086064245742623
      ],
      [
        -14.777044749672744
      ],
      [
        -15.03420323220641
      ],
      [
        -15.503539310710748
      ],
      [
        -15.667704906207089
      ],
      [
        -16.05859378184047
      ],
      [
        -16.494074337158015
      ]
    ]
  },
  "losses": {
    "pi1": 1.7379817133921898,
    "V1": 0.9999623206597823,
    "A": 0.01005723195271302,
    "Q": 1.168410258899611,
    "C": 0.027622433893313536,
    "R": 1.0985092256432294,
    "x": 10.754434538841794
  },
  "log_likelihood": -309.96811999648287
}
