{
  "iterations": 50012,
  "params": {
    "enabled": true,
    "T": 100,
    "pi1": [
      1
    ],
    "V1": [
      [
        1
      ]
    ],
    "A": [
      [
        1
      ]
    ],
    "Q": [
      [
        2
      ]
    ],
    "C": [
      [
        1
      ]
    ],
    "R": [
      [
        5
      ]
    ]
  },
  "estimations": {
    "pi1": [
      2.737981713392079
    ],
    "V1": [
      [
        3.767934021770003e-05
      ]
    ],
    "A": [
      [
        1.010057231952713
      ]
    ],
    "Q": [
      [
        0.8315897411001685
      ]
    ],
    "C": [
      [
        0.9723775661068024
      ]
    ],
    "R": [
      [
        6.098509225643301
      ]
    ],
    "x": [
      [
        2.737981713392079
      ],
      [
        2.9591260238183024
      ],
      [
        2.794507517510991
      ],
      [
        2.7823560919744312
      ],
      [
        2.333946339158018
      ],
      [
        1.5451606821884596
      ],
      [
        0.6972347024478711
      ],
      [
        0.061835123880355836
      ],
      [
        -0.5185445885772688
      ],
      [
        -1.187309738680837
      ],
      [
        -1.3545178304087875
      ],
      [
        -1.6619102763641058
      ],
      [
        -1.809352112046291
      ],
      [
        -2.165387795484162
      ],
      [
        -2.639541279649147
      ],
      [
        -2.984974377897685
      ],
      [
        -3.7634397205184755
      ],
      [
        -4.217695342288934
      ],
      [
        -4.51058932391445
      ],
      [
        -4.501441774417034
      ],
      [
        -4.575526244142049
      ],
      [
        -4.871918280640628
      ],
      [
        -5.268324277261816
      ],
      [
        -5.417984874680495
      ],
      [
        -5.7761034750907445
      ],
      [
        -5.624405083008823
      ],
      [
        -5.408154532934285
      ],
      [
        -5.266640747076015
      ],
      [
        -5.467003205843995
      ],
      [
        -5.514911287275265
      ],
      [
        -5.855104216721132
      ],
      [
        -6.101229331370905
      ],
      [
        -5.782709103993492
      ],
      [
        -5.758928650361831
      ],
      [
        -5.909949819537328
      ],
      [
        -5.838265249026221
      ],
      [
        -6.242641747697865
      ],
      [
        -7.175896187091798
      ],
      [
        -8.052879086059914
      ],
      [
        -8.672756357141015
      ],
      [
        -8.636099139618336
      ],
      [
        -8.585688310828466
      ],
      [
        -8.5324963724829
      ],
      [
        -8.3244805034891
      ],
      [
        -8.348792501984445
      ],
      [
        -8.564351362620162
      ],
      [
        -9.150385343462961
      ],
      [
        -9.670912827653837
      ],
      [
        -9.786223404651397
      ],
      [
        -10.07224278341118
      ],
      [
        -10.42097008927628
      ],
      [
        -10.55957937006753
      ],
      [
        -10.330131174924688
      ],
      [
        -10.027471047395494
      ],
      [
        -9.895742766763322
      ],
      [
        -9.892834993500413
      ],
      [
        -9.676230676432084
      ],
      [
        -9.960270586455295
      ],
      [
        -10.110996208906036
      ],
      [
        -9.709655990375701
      ],
      [
        -9.48090826892606
      ],
      [
        -9.054729318701064
      ],
      [
        -8.492546446183788
      ],
      [
        -8.88595775286362
      ],
      [
        -9.292126891315334
      ],
      [
        -9.799881148146415
      ],
      [
        -10.354120674546342
      ],
      [
        -10.947323802341703
      ],
      [
        -11.800525063754902
      ],
      [
        -12.327813361797036
      ],
      [
        -12.48081048229348
      ],
      [
        -13.066281747620604
      ],
      [
        -13.53109851353329
      ],
      [
        -14.15818191133601
      ],
      [
        -14.180910966684145
      ],
      [
        -14.17386152853592
      ],
      [
        -14.197155717534462
      ],
      [
        -14.094004273105702
      ],
      [
        -13.627776729404166
      ],
      [
        -13.43406390911853
      ],
      [
        -13.320591824048451
      ],
      [
        -13.130232822713445
      ],
      [
        -12.581824354572353
      ],
      [
        -12.146221712772084
      ],
      [
        -12.356000555739152
      ],
      [
        -12.414381561495574
      ],
      [
        -12.145465572528693
      ],
      [
        -11.840194216457451
      ],
      [
        -11.65360407922188
      ],
      [
        -11.748128322525485
      ],
      [
        -12.458510500582225
      ],
      [
        -12.941583907760819
      ],
      [
        -13.45347879132063
      ],
      [
        -14.086064245740944
      ],
      [
        -14.777044749670969
      ],
      [
        -15.03420323220461
      ],
      [
        -15.503539310708888
      ],
      [
        -15.667704906205216
      ],
      [
        -16.058593781838546
      ],
      [
        -16.494074337156032
      ]
    ]
  },
  "losses": {
    "pi1": 1.7379817133920792,
    "V1": 0.9999623206597823,
    "A": 0.01005723195271302,
    "Q": 1.1684102588998315,
    "C": 0.02762243389319763,
    "R": 1.0985092256433013,
    "x": 10.754434538841455
  },
  "log_likelihood": -309.9681199964701
}
