{
  "iterations": 572,
  "params": {
    "enabled": true,
    "T": 100,
    "pi1": [
      1
    ],
    "V1": [
      [
        1
      ]
    ],
    "A": [
      [
        1
      ]
    ],
    "Q": [
      [
        2
      ]
    ],
    "C": [
      [
        1
      ]
    ],
    "R": [
      [
        5
      ]
    ]
  },
  "estimations": {
    "pi1": [
      2.1327906851334317
    ],
    "V1": [
      [
        0.003399741917927912
      ]
    ],
    "A": [
      [
        0.8743819255396986
      ]
    ],
    "Q": [
      [
        2.335397880044249
      ]
    ],
    "C": [
      [
        1.1531561729498527
      ]
    ],
    "R": [
      [
        3.986486395894955
      ]
    ],
    "x": [
      [
        2.1327906851334317
      ],
      [
        1.8920661664302896
      ],
      [
        -0.19714439982586507
      ],
      [
        0.7777451390586639
      ],
      [
        0.9721999168656543
      ],
      [
        0.16319062674247314
      ],
      [
        0.26434817833722357
      ],
      [
        0.9045648930441975
      ],
      [
        0.6845340238545363
      ],
      [
        0.607383493607532
      ],
      [
        0.5704679741762111
      ],
      [
        0.04373073008322059
      ],
      [
        -0.42249215153080066
      ],
      [
        -2.0140013705209348
      ],
      [
        -1.7628082549319122
      ],
      [
        -0.7183710515516244
      ],
      [
        -1.1885967315653116
      ],
      [
        -1.7128829337715814
      ],
      [
        -1.2913596607380184
      ],
      [
        -0.7539241566816528
      ],
      [
        0.9657670158568934
      ],
      [
        0.7863472972741459
      ],
      [
        0.6175226715799623
      ],
      [
        0.9389076504142015
      ],
      [
        1.0828826698184637
      ],
      [
        2.4307994539621074
      ],
      [
        3.9853166621998986
      ],
      [
        4.777005315789015
      ],
      [
        6.155768353307038
      ],
      [
        6.779342425779577
      ],
      [
        6.535058092951838
      ],
      [
        5.757465055185064
      ],
      [
        5.933160115995182
      ],
      [
        6.883183634536168
      ],
      [
        6.116226872437932
      ],
      [
        6.13460729709941
      ],
      [
        6.090169916302408
      ],
      [
        5.070860939962261
      ],
      [
        4.836029467078546
      ],
      [
        3.8945442245486657
      ],
      [
        1.716261010435491
      ],
      [
        1.2372086705146377
      ],
      [
        0.899565590423191
      ],
      [
        -0.10669554397743708
      ],
      [
        -0.20772470501621548
      ],
      [
        -0.761512124041872
      ],
      [
        -0.21729772873697967
      ],
      [
        -0.5544252544116518
      ],
      [
        1.057963124241203
      ],
      [
        2.8977404713899118
      ],
      [
        5.431889194954218
      ],
      [
        5.796389868548409
      ],
      [
        5.948631541173441
      ],
      [
        4.635881259059902
      ],
      [
        2.898401788406734
      ],
      [
        2.2240087957742802
      ],
      [
        3.7771333014731074
      ],
      [
        4.501298785949388
      ],
      [
        4.524857523993876
      ],
      [
        4.602018132509985
      ],
      [
        4.375786544437913
      ],
      [
        3.1814008040435575
      ],
      [
        2.2896147405867207
      ],
      [
        1.0042244903720445
      ],
      [
        0.5369388521176692
      ],
      [
        1.2306308243789896
      ],
      [
        0.30434052084265417
      ],
      [
        -1.2275669337336814
      ],
      [
        -1.9376355661415086
      ],
      [
        -1.935642550336032
      ],
      [
        -0.3338740345786248
      ],
      [
        0.04655808086576636
      ],
      [
        0.007249641346639524
      ],
      [
        0.3866209218402282
      ],
      [
        -0.8319589085773877
      ],
      [
        -1.873063011732392
      ],
      [
        -0.4004932102294828
      ],
      [
        0.24162548141354
      ],
      [
        1.6312708867252548
      ],
      [
        3.4336916792770316
      ],
      [
        2.526718720052906
      ],
      [
        1.810663073203013
      ],
      [
        0.3876004410437184
      ],
      [
        0.5989914068180853
      ],
      [
        2.7548480464798573
      ],
      [
        3.579783003350097
      ],
      [
        2.798727868907781
      ],
      [
        3.661885580712566
      ],
      [
        2.8706672192105995
      ],
      [
        2.099044563197814
      ],
      [
        3.6624469714776624
      ],
      [
        2.2823815681845225
      ],
      [
        0.5586311025997702
      ],
      [
        -0.5506079318580048
      ],
      [
        -0.7552737391542083
      ],
      [
        -0.3515007234105304
      ],
      [
        -0.6165326265486546
      ],
      [
        -0.04908268069240393
      ],
      [
        -0.37607057555325596
      ],
      [
        0.5517965411719497
      ]
    ]
  },
  "losses": {
    "pi1": 1.1327906851334317,
    "V1": 0.9966002580820721,
    "A": 0.12561807446030138,
    "Q": 0.335397880044249,
    "C": 0.15315617294985273,
    "R": 1.0135136041050452,
    "x": 11.890801920794702
  }
}
